effect,metric,n_seeds,effect_mean,effect_sd,bootstrap_ci_low_mean,bootstrap_ci_high_mean
attention_effect_contrastive,accuracy,5,0.026810277551020407,0.0043176236993964345,0.022326530612244898,0.03128571428571427
attention_effect_contrastive,cer,5,-0.004951478717201166,0.0006738613979258703,-0.005743586005830903,-0.004169096209912536
attention_effect_no_contrastive,accuracy,5,0.039983593877551016,0.0015125778829050052,0.03467295918367348,0.04532653061224492
attention_effect_no_contrastive,cer,5,-0.008572437609329447,0.000355334700167323,-0.009612244897959182,-0.007559766763848397
contrastive_effect_1d,accuracy,5,0.031839459183673466,0.0034907862327789693,0.027285714285714267,0.03646938775510204
contrastive_effect_1d,cer,5,-0.006831843148688047,0.0005651051342964659,-0.007679300291545189,-0.005994169096209911
contrastive_effect_2d,accuracy,5,0.018666142857142857,0.003046734658805077,0.015000000000000036,0.02234693877551024
contrastive_effect_2d,cer,5,-0.0032108842565597663,0.00042757092061987737,-0.0038368804664723017,-0.0026005830903790086
interaction,accuracy,5,-0.013173316326530612,0.003915867800512576,-0.018836734693877543,-0.007489795918367359
interaction,cer,5,0.00362095889212828,0.0006940868819195337,0.0026355685131195334,0.00460058309037901
