seed,run_id,config,metric,point_estimate,bootstrap_mean,bootstrap_sd,ci_low,ci_high,confidence_level,n_bootstrap,n_plates
1111,43de0a0f21a84b7faf78721507b9fd6f,TRBA,accuracy,0.9159183673469388,0.9159194897959183,0.0027917963316710743,0.9105102040816326,0.9213265306122449,0.95,10000,9800
1111,43de0a0f21a84b7faf78721507b9fd6f,TRBA,cer,0.015714285714285715,0.015713911078717203,0.0005694495242832713,0.014606413994169096,0.01683673469387755,0.95,10000,9800
1111,c48ec29f791848d2b68b621c74460c01,CTRBA,accuracy,0.9459183673469388,0.9459106632653062,0.0022732711390248315,0.9414285714285714,0.9503061224489796,0.95,10000,9800
1111,c48ec29f791848d2b68b621c74460c01,CTRBA,cer,0.009198250728862973,0.009197365889212827,0.0004154164545910333,0.008396501457725948,0.010029154518950437,0.95,10000,9800
1111,2d8916b5da8a486db0bffde820e29737,TRB2A,accuracy,0.953469387755102,0.9534886224489796,0.0021228341670068516,0.9492857142857143,0.9576530612244898,0.95,10000,9800
1111,2d8916b5da8a486db0bffde820e29737,TRB2A,cer,0.007682215743440233,0.00767949416909621,0.00037402267371630866,0.006953352769679301,0.00842602040816326,0.95,10000,9800
1111,fae9e2edfa6d4e3481d81c0f3e802a6a,CTRB2A,accuracy,0.9683673469387755,0.9683825510204082,0.0017676986534985442,0.9648979591836735,0.9718367346938775,0.95,10000,9800
1111,fae9e2edfa6d4e3481d81c0f3e802a6a,CTRB2A,cer,0.004927113702623906,0.004925383381924197,0.00028598491493669794,0.004373177842565598,0.005495626822157434,0.95,10000,9800
2222,ac7e83ab1c784beb845030bf147c98a2,TRBA,accuracy,0.9127551020408163,0.9127403367346938,0.002861100355483445,0.9071428571428571,0.9183673469387755,0.95,10000,9800
2222,ac7e83ab1c784beb845030bf147c98a2,TRBA,cer,0.016180758017492712,0.016182479591836732,0.0005787565956673925,0.015058309037900874,0.017346938775510204,0.95,10000,9800
2222,c3d2d3517450464ea399f860495312f1,CTRBA,accuracy,0.9430612244897959,0.9430607244897959,0.0023345106098946193,0.938469387755102,0.9475510204081633,0.95,10000,9800
2222,c3d2d3517450464ea399f860495312f1,CTRBA,cer,0.009868804664723032,0.00986646501457726,0.0004378509770328515,0.00903753644314869,0.010728862973760933,0.95,10000,9800
2222,4b9c21fd78b146819d3fc0929b05bfeb,TRB2A,accuracy,0.9533673469387756,0.9533527857142857,0.0021034764037130044,0.9491836734693877,0.9573469387755102,0.95,10000,9800
2222,4b9c21fd78b146819d3fc0929b05bfeb,TRB2A,cer,0.0076239067055393584,0.007623593294460642,0.00036875857660179177,0.006924198250728863,0.00835276967930029,0.95,10000,9800
2222,bd753cccb03745779499c3d86149af74,CTRB2A,accuracy,0.9717346938775511,0.971720193877551,0.0016786324342458548,0.968265306122449,0.9748979591836735,0.95,10000,9800
2222,bd753cccb03745779499c3d86149af74,CTRB2A,cer,0.00456268221574344,0.00456384110787172,0.0002892683534298134,0.004022959183673473,0.005145772594752187,0.95,10000,9800
3333,6d37c88e8502486b9fd4a44e3a952fee,TRBA,accuracy,0.9107142857142857,0.9107208367346938,0.002898712133208864,0.9051020408163265,0.9163265306122449,0.95,10000,9800
3333,6d37c88e8502486b9fd4a44e3a952fee,TRBA,cer,0.01639941690962099,0.016397320699708454,0.0005841844550850138,0.015262390670553936,0.017522230320699706,0.95,10000,9800
3333,681aad14bd18483b9e870d622f0eca9a,CTRBA,accuracy,0.9464285714285714,0.9464430102040816,0.0022830212259626827,0.9419387755102041,0.9509183673469388,0.95,10000,9800
3333,681aad14bd18483b9e870d622f0eca9a,CTRBA,cer,0.009329446064139942,0.00932768221574344,0.0004292772197337411,0.008498542274052478,0.010174927113702624,0.95,10000,9800
3333,fc48560c5b1e4eb185f47e711a51c320,TRB2A,accuracy,0.9523469387755102,0.9523265510204081,0.002126557815523747,0.9480612244897959,0.9564285714285714,0.95,10000,9800
3333,fc48560c5b1e4eb185f47e711a51c320,TRB2A,cer,0.007886297376093294,0.007888532069970845,0.0003791537765953698,0.007157434402332361,0.008644314868804666,0.95,10000,9800
3333,79b21e0516c34f53881954a9c46ac1d8,CTRB2A,accuracy,0.975204081632653,0.975226724489796,0.001554113646995159,0.9721428571428572,0.978265306122449,0.95,10000,9800
3333,79b21e0516c34f53881954a9c46ac1d8,CTRB2A,cer,0.004096209912536443,0.004092814868804665,0.0002784012827254207,0.003571064139941694,0.0046501457725947526,0.95,10000,9800
4444,36e8b8402cc84143ba95047c6125e47b,TRBA,accuracy,0.9133673469387755,0.9134209387755103,0.002812286222246543,0.9078571428571428,0.9188775510204081,0.95,10000,9800
4444,36e8b8402cc84143ba95047c6125e47b,TRBA,cer,0.01650145772594752,0.016491596209912536,0.0005908841292939697,0.015364431486880466,0.017667638483965013,0.95,10000,9800
4444,af8d8a3a0d1845d496a44c6a8e6b42a0,CTRBA,accuracy,0.9412244897959183,0.9412737551020407,0.0023453902042202815,0.936734693877551,0.9458188775510203,0.95,10000,9800
4444,af8d8a3a0d1845d496a44c6a8e6b42a0,CTRBA,cer,0.009956268221574345,0.009945889212827987,0.0004261162854427263,0.00912536443148688,0.010772959183673464,0.95,10000,9800
4444,a9984d039f884dd683098fb2f4f9b734,TRB2A,accuracy,0.9530612244897959,0.9531108775510205,0.0021309407033433553,0.9488775510204082,0.9572448979591837,0.95,10000,9800
4444,a9984d039f884dd683098fb2f4f9b734,TRB2A,cer,0.007725947521865889,0.00771667055393586,0.0003788679781292392,0.006967930029154519,0.00846938775510204,0.95,10000,9800
4444,97934f81212f4b2494df922d4ca3a013,CTRB2A,accuracy,0.973265306122449,0.9732561224489796,0.0016163825499827351,0.9701020408163266,0.9764285714285714,0.95,10000,9800
4444,97934f81212f4b2494df922d4ca3a013,CTRB2A,cer,0.004212827988338192,0.00421363556851312,0.00026656190844567894,0.0036880466472303205,0.0047376093294460644,0.95,10000,9800
5555,2a48094fcafc4086a009f75421f948bf,TRBA,accuracy,0.9129591836734694,0.9129603163265306,0.002878237974819058,0.9071428571428571,0.918469387755102,0.95,10000,9800
5555,2a48094fcafc4086a009f75421f948bf,TRBA,cer,0.016588921282798832,0.01658821720116618,0.0006086309922011506,0.015422376093294462,0.0178134110787172,0.95,10000,9800
5555,da7230b174f64e36971cca0fd48c16f7,CTRBA,accuracy,0.948265306122449,0.9482710612244899,0.002263179297930216,0.9438775510204082,0.9526530612244898,0.95,10000,9800
5555,da7230b174f64e36971cca0fd48c16f7,CTRBA,cer,0.008877551020408164,0.008876906705539358,0.0004160202990520059,0.008075801749271137,0.009693877551020408,0.95,10000,9800
5555,9e1536f5e8d64e56a421d1b2b5e8a2f2,TRB2A,accuracy,0.9533673469387756,0.9534010510204082,0.0021682844034687913,0.9490816326530612,0.9575510204081633,0.95,10000,9800
5555,9e1536f5e8d64e56a421d1b2b5e8a2f2,TRB2A,cer,0.00760932944606414,0.00760304664723032,0.00037750894805108347,0.006880466472303207,0.00835276967930029,0.95,10000,9800
5555,ab6a1732eadb4768a0647dcd5c242ed8,CTRB2A,accuracy,0.9704081632653061,0.9704250102040817,0.0017257085518650574,0.9670408163265306,0.9737755102040816,0.95,10000,9800
5555,ab6a1732eadb4768a0647dcd5c242ed8,CTRB2A,cer,0.004664723032069971,0.004661240524781341,0.00028749812179552415,0.004110787172011662,0.00521865889212828,0.95,10000,9800
