seed,effect,metric,bootstrap_mean,bootstrap_sd,ci_low,ci_high,confidence_level,n_bootstrap,n_plates
1111,contrastive_effect_1d,accuracy,0.029991173469387757,0.00231502365767577,0.025510204081632626,0.034489795918367316,0.95,10000,9800
1111,contrastive_effect_1d,cer,-0.0065165451895043735,0.0004164641129923726,-0.007332361516034985,-0.005699708454810496,0.95,10000,9800
1111,contrastive_effect_2d,accuracy,0.014893928571428572,0.001871309420870063,0.011224489795918391,0.018571428571428572,0.95,10000,9800
1111,contrastive_effect_2d,cer,-0.0027541107871720113,0.0003156573062128847,-0.003381924198250729,-0.0021428571428571425,0.95,10000,9800
1111,attention_effect_no_contrastive,accuracy,0.03756913265306123,0.002727500897433822,0.03234438775510206,0.0429591836734694,0.95,10000,9800
1111,attention_effect_no_contrastive,cer,-0.008034416909620992,0.0005198424563792131,-0.009052478134110788,-0.007026239067055394,0.95,10000,9800
1111,attention_effect_contrastive,accuracy,0.02247188775510204,0.002330066329327309,0.01795918367346938,0.027040816326530548,0.95,10000,9800
1111,attention_effect_contrastive,cer,-0.004271982507288629,0.00040547658226016596,-0.005058673469387753,-0.00348396501457726,0.95,10000,9800
1111,interaction,accuracy,-0.015097244897959184,0.0028536932561013927,-0.02061224489795921,-0.009489795918367405,0.95,10000,9800
1111,interaction,cer,0.0037624344023323617,0.0004933100354889341,0.0027842565597667648,0.0047230320699708445,0.95,10000,9800
2222,contrastive_effect_1d,accuracy,0.03032038775510204,0.002407164930106556,0.02571428571428569,0.03510204081632651,0.95,10000,9800
2222,contrastive_effect_1d,cer,-0.006316014577259475,0.0004358631259334188,-0.00717201166180758,-0.005466472303206996,0.95,10000,9800
2222,contrastive_effect_2d,accuracy,0.01836740816326531,0.001862064848578532,0.01479591836734695,0.022040816326530654,0.95,10000,9800
2222,contrastive_effect_2d,cer,-0.003059752186588921,0.00031811963184129923,-0.003688046647230321,-0.0024489795918367346,0.95,10000,9800
2222,attention_effect_no_contrastive,accuracy,0.040612448979591834,0.002777464580948195,0.03510204081632651,0.04602040816326525,0.95,10000,9800
2222,attention_effect_no_contrastive,cer,-0.008558886297376092,0.000528746615659546,-0.009606413994169095,-0.0075218658892128275,0.95,10000,9800
2222,attention_effect_contrastive,accuracy,0.028659469387755102,0.0022985742424424618,0.024183673469387768,0.03316326530612246,0.95,10000,9800
2222,attention_effect_contrastive,cer,-0.005302623906705539,0.00040729501227509984,-0.006107871720116618,-0.004518950437317785,0.95,10000,9800
2222,interaction,accuracy,-0.011952979591836735,0.0029519043298072115,-0.01765306122448973,-0.006122448979591799,0.95,10000,9800
2222,interaction,cer,0.003256262390670554,0.0005064600259507273,0.0022448979591836735,0.004241982507288631,0.95,10000,9800
3333,contrastive_effect_1d,accuracy,0.03572217346938776,0.002455061349585421,0.030918367346938758,0.04051020408163264,0.95,10000,9800
3333,contrastive_effect_1d,cer,-0.0070696384839650135,0.0004410169132403559,-0.007930029154518951,-0.006209912536443148,0.95,10000,9800
3333,contrastive_effect_2d,accuracy,0.022900173469387754,0.00194763416473677,0.019081632653061287,0.02663265306122453,0.95,10000,9800
3333,contrastive_effect_2d,cer,-0.003795717201166181,0.0003291939770023574,-0.004431851311953351,-0.0031632653061224487,0.95,10000,9800
3333,attention_effect_no_contrastive,accuracy,0.04160571428571428,0.002771546683876112,0.0362244897959183,0.04704081632653068,0.95,10000,9800
3333,attention_effect_no_contrastive,cer,-0.00850878862973761,0.000518890392377441,-0.00954810495626822,-0.007492711370262391,0.95,10000,9800
3333,attention_effect_contrastive,accuracy,0.028783714285714284,0.0022230991731765036,0.02438775510204083,0.033265306122448934,0.95,10000,9800
3333,attention_effect_contrastive,cer,-0.005234867346938776,0.00039707314297151636,-0.0060204081632653055,-0.004475218658892128,0.95,10000,9800
3333,interaction,accuracy,-0.012822,0.0030073557070729165,-0.01867346938775516,-0.0068367346938776885,0.95,10000,9800
3333,interaction,cer,0.0032739212827988338,0.0005133527447712862,0.002274052478134109,0.004256559766763849,0.95,10000,9800
4444,contrastive_effect_1d,accuracy,0.027852816326530614,0.0022298814945074905,0.0234693877551021,0.0323469387755102,0.95,10000,9800
4444,contrastive_effect_1d,cer,-0.006545706997084548,0.0004126976349491428,-0.007361516034985423,-0.00574344023323615,0.95,10000,9800
4444,contrastive_effect_2d,accuracy,0.02014524489795918,0.0018950043402107927,0.01642857142857146,0.023877551020408228,0.95,10000,9800
4444,contrastive_effect_2d,cer,-0.0035030349854227403,0.00031908363226420644,-0.004125728862973759,-0.002886297376093294,0.95,10000,9800
4444,attention_effect_no_contrastive,accuracy,0.0396899387755102,0.0026109494975626074,0.034591836734693904,0.044795918367346976,0.95,10000,9800
4444,attention_effect_no_contrastive,cer,-0.008774925655976677,0.0005099961450822069,-0.009795918367346938,-0.007798833819241981,0.95,10000,9800
4444,attention_effect_contrastive,accuracy,0.031982367346938774,0.002323684163295598,0.0273469387755102,0.03642857142857148,0.95,10000,9800
4444,attention_effect_contrastive,cer,-0.0057322536443148685,0.00041481360430880725,-0.006545553935860055,-0.004912536443148688,0.95,10000,9800
4444,interaction,accuracy,-0.007707571428571431,0.0028252658533154643,-0.013265306122448917,-0.0022448979591835894,0.95,10000,9800
4444,interaction,cer,0.003042672011661808,0.0004858085125261256,0.002099125364431487,0.003994169096209912,0.95,10000,9800
5555,contrastive_effect_1d,accuracy,0.035310744897959184,0.002346206884375024,0.03081632653061217,0.03989795918367356,0.95,10000,9800
5555,contrastive_effect_1d,cer,-0.007711310495626823,0.0004431531717444519,-0.008600583090379008,-0.006851311953352769,0.95,10000,9800
5555,contrastive_effect_2d,accuracy,0.01702395918367347,0.001810522688982576,0.013469387755102091,0.02061224489795921,0.95,10000,9800
5555,contrastive_effect_2d,cer,-0.0029418061224489797,0.00030404469843400194,-0.003556851311953352,-0.0023615160349854227,0.95,10000,9800
5555,attention_effect_no_contrastive,accuracy,0.04044073469387756,0.0027451018115417906,0.03510204081632661,0.045816326530612295,0.95,10000,9800
5555,attention_effect_no_contrastive,cer,-0.00898517055393586,0.0005402313449806358,-0.010058309037900875,-0.007959183673469388,0.95,10000,9800
5555,attention_effect_contrastive,accuracy,0.022153948979591838,0.0022325027728610472,0.017755102040816317,0.026530612244897944,0.95,10000,9800
5555,attention_effect_contrastive,cer,-0.004215666180758017,0.00039551320837902346,-0.004985422740524782,-0.0034548104956268217,0.95,10000,9800
5555,interaction,accuracy,-0.018286785714285714,0.002847899924284821,-0.023979591836734704,-0.012755102040816313,0.95,10000,9800
5555,interaction,cer,0.004769504373177843,0.000509637478815677,0.0037755102040816337,0.005787172011661809,0.95,10000,9800
