seed,run_id,config,n_plates,accuracy,cer,total_edit_distance,total_gt_chars
1111,2d8916b5da8a486db0bffde820e29737,TRB2A,9800,0.953469387755102,0.007682215743440233,527.0,68600
1111,43de0a0f21a84b7faf78721507b9fd6f,TRBA,9800,0.9159183673469388,0.015714285714285715,1078.0,68600
1111,c48ec29f791848d2b68b621c74460c01,CTRBA,9800,0.9459183673469388,0.009198250728862973,631.0,68600
1111,fae9e2edfa6d4e3481d81c0f3e802a6a,CTRB2A,9800,0.9683673469387755,0.004927113702623906,338.0,68600
2222,4b9c21fd78b146819d3fc0929b05bfeb,TRB2A,9800,0.9533673469387756,0.0076239067055393584,523.0,68600
2222,ac7e83ab1c784beb845030bf147c98a2,TRBA,9800,0.9127551020408163,0.016180758017492712,1110.0,68600
2222,bd753cccb03745779499c3d86149af74,CTRB2A,9800,0.9717346938775511,0.00456268221574344,313.0,68600
2222,c3d2d3517450464ea399f860495312f1,CTRBA,9800,0.9430612244897959,0.009868804664723032,677.0,68600
3333,681aad14bd18483b9e870d622f0eca9a,CTRBA,9800,0.9464285714285714,0.009329446064139942,640.0,68600
3333,6d37c88e8502486b9fd4a44e3a952fee,TRBA,9800,0.9107142857142857,0.01639941690962099,1125.0,68600
3333,79b21e0516c34f53881954a9c46ac1d8,CTRB2A,9800,0.975204081632653,0.004096209912536443,281.0,68600
3333,fc48560c5b1e4eb185f47e711a51c320,TRB2A,9800,0.9523469387755102,0.007886297376093294,541.0,68600
4444,36e8b8402cc84143ba95047c6125e47b,TRBA,9800,0.9133673469387755,0.01650145772594752,1132.0,68600
4444,97934f81212f4b2494df922d4ca3a013,CTRB2A,9800,0.973265306122449,0.004212827988338192,289.0,68600
4444,a9984d039f884dd683098fb2f4f9b734,TRB2A,9800,0.9530612244897959,0.007725947521865889,530.0,68600
4444,af8d8a3a0d1845d496a44c6a8e6b42a0,CTRBA,9800,0.9412244897959183,0.009956268221574345,683.0,68600
5555,2a48094fcafc4086a009f75421f948bf,TRBA,9800,0.9129591836734694,0.016588921282798832,1138.0,68600
5555,9e1536f5e8d64e56a421d1b2b5e8a2f2,TRB2A,9800,0.9533673469387756,0.00760932944606414,522.0,68600
5555,ab6a1732eadb4768a0647dcd5c242ed8,CTRB2A,9800,0.9704081632653061,0.004664723032069971,320.0,68600
5555,da7230b174f64e36971cca0fd48c16f7,CTRBA,9800,0.948265306122449,0.008877551020408164,609.0,68600
