Start Time,Duration,Run ID,Name,Source Type,Source Name,User,Status,batch_size,contrastive_lambda,contrastive_margin,contrastive_warmup,dataset/train_size,dataset/val_size,num_iter,run_name,train_data,use_contrastive,valid_data,accuracy,best_accuracy,best_norm_ED,contrastive_loss,norm_ED,train_loss,valid_loss
2026-07-26 04:02:12,60.0min,482783ee60df48888c93ee3503b18bc6,ctr_iter30k_bs32_m1.0_lam0.6,LOCAL,train.py,andre,FINISHED,32,0.6,1.0,100,4000,2000,30000,ctr_iter30k_bs32_m1.0_lam0.6,data_lmdb/rodosol/train/cars,True,data_lmdb/rodosol/val/cars,98.75,98.8,0.9978660714285716,0.1317284107208252,0.9977946428571431,0.0790954977273941,0.014653208665549755
2026-07-26 01:20:03,1.0h,fd322b33ee864c12adf1955f3709a06f,ctr_iter30k_bs32_m0.5_lam0.3,LOCAL,train.py,andre,FINISHED,32,0.3,0.5,100,4000,2000,30000,ctr_iter30k_bs32_m0.5_lam0.3,data_lmdb/rodosol/train/cars,True,data_lmdb/rodosol/val/cars,98.7,98.8,0.9980089285714288,0.0015457597328349948,0.9978660714285716,0.0005021239630877972,0.012511192820966244
2026-07-26 02:20:26,1.0h,dd485c76b62b468cad30adf20c346f76,ctr_iter30k_bs32_m0.8_lam0.3,LOCAL,train.py,andre,FINISHED,32,0.3,0.8,100,4000,2000,30000,ctr_iter30k_bs32_m0.8_lam0.3,data_lmdb/rodosol/train/cars,True,data_lmdb/rodosol/val/cars,98.65,98.8,0.9978660714285716,0.01803980953991413,0.9975089285714288,0.005492546129971743,0.0162741020321846
2026-07-26 03:02:36,59.4min,3e296d347e394139a623085b50ea45d9,ctr_iter30k_bs32_m0.8_lam0.6,LOCAL,train.py,andre,FINISHED,32,0.6,0.8,100,4000,2000,30000,ctr_iter30k_bs32_m0.8_lam0.6,data_lmdb/rodosol/train/cars,True,data_lmdb/rodosol/val/cars,98.6,98.8,0.9980089285714288,0.016032766550779343,0.9977232142857145,0.009756230749189854,0.012763029895722866
2026-07-26 01:13:44,1.0h,0923a307ef574d44986f7af1f4f2990a,ctr_iter30k_bs32_m0.5_lam0.1,LOCAL,train.py,andre,FINISHED,32,0.1,0.5,100,4000,2000,30000,ctr_iter30k_bs32_m0.5_lam0.1,data_lmdb/rodosol/train/cars,True,data_lmdb/rodosol/val/cars,98.6,98.7,0.9976607142857146,0.002538673346862197,0.9973660714285717,0.0002849336597137153,0.013706978410482407
2026-07-25 16:21:56,29.6min,7c51ea9156de4a929f43c088e72085fb,ctr_iter15k_bs32_m0.5_lam0.6,LOCAL,train.py,andre,FINISHED,32,0.6,0.5,100,4000,2000,15000,ctr_iter15k_bs32_m0.5_lam0.6,data_lmdb/rodosol/train/cars,True,data_lmdb/rodosol/val/cars,98.6,98.8,0.997794642857143,0.003572269342839718,0.9973660714285717,0.002250528894364834,0.013391198590397835
2026-07-26 02:15:47,1.0h,02e0c74be0ec4af5ac3219e1ace528c0,ctr_iter30k_bs32_m0.8_lam0.1,LOCAL,train.py,andre,FINISHED,32,0.1,0.8,100,4000,2000,30000,ctr_iter30k_bs32_m0.8_lam0.1,data_lmdb/rodosol/train/cars,True,data_lmdb/rodosol/val/cars,98.55000000000001,98.55000000000001,0.9972946428571431,0.027179734781384468,0.9972946428571431,0.002751023042947054,0.014148405753076077
2026-07-25 18:22:39,41.2min,8357c92637c9443ab9e426124c4c5bf8,ctr_iter15k_bs64_m0.5_lam0.6,LOCAL,train.py,andre,FINISHED,64,0.6,0.5,100,4000,2000,15000,ctr_iter15k_bs64_m0.5_lam0.6,data_lmdb/rodosol/train/cars,True,data_lmdb/rodosol/val/cars,98.55000000000001,98.55000000000001,0.9975089285714289,0.00398682989180088,0.9975089285714289,0.0024919994175434113,0.01665109023451805
2026-07-25 16:51:44,29.7min,86eabe4f6540470e874d01a2cd82c01c,ctr_iter15k_bs32_m0.8_lam0.6,LOCAL,train.py,andre,FINISHED,32,0.6,0.8,100,4000,2000,15000,ctr_iter15k_bs32_m0.8_lam0.6,data_lmdb/rodosol/train/cars,True,data_lmdb/rodosol/val/cars,98.55000000000001,98.6,0.9976607142857146,0.022305134683847427,0.9975892857142861,0.01347800437361002,0.012509770691394806
2026-07-26 07:23:39,1.4h,806398c48f6945169453546207dec627,ctr_iter30k_bs64_m0.8_lam0.6,LOCAL,train.py,andre,FINISHED,64,0.6,0.8,100,4000,2000,30000,ctr_iter30k_bs64_m0.8_lam0.6,data_lmdb/rodosol/train/cars,True,data_lmdb/rodosol/val/cars,98.5,98.65,0.9975803571428573,0.016629761084914207,0.9972321428571432,0.010115883313119411,0.014089587144553661
2026-07-26 06:01:57,1.4h,d9d5a211c3a8454a982b54a1fbb729f3,ctr_iter30k_bs64_m0.5_lam0.6,LOCAL,train.py,andre,FINISHED,64,0.6,0.5,100,4000,2000,30000,ctr_iter30k_bs64_m0.5_lam0.6,data_lmdb/rodosol/train/cars,True,data_lmdb/rodosol/val/cars,98.5,98.65,0.9975803571428574,0.0019722876604646444,0.9972410714285717,0.001233189250342548,0.015919798985123634
2026-07-25 14:41:10,31.0min,bdd38d82502d4ae58f8353b071413133,ctr_iter15k_bs32_m0.5_lam0.1,LOCAL,train.py,andre,FINISHED,32,0.1,0.5,100,4000,2000,15000,ctr_iter15k_bs32_m0.5_lam0.1,data_lmdb/rodosol/train/cars,True,data_lmdb/rodosol/val/cars,98.5,98.5,0.9973839285714288,0.006039103027433157,0.9973839285714288,0.0006638692575506866,0.014080570079386234
2026-07-26 02:04:34,57.8min,52be79cf3e2e491f8d7d4b3cabeadadf,ctr_iter30k_bs32_m0.5_lam0.6,LOCAL,train.py,andre,FINISHED,32,0.6,0.5,100,4000,2000,30000,ctr_iter30k_bs32_m0.5_lam0.6,data_lmdb/rodosol/train/cars,True,data_lmdb/rodosol/val/cars,98.45,98.7,0.9977946428571431,0.001625990029424429,0.9975803571428574,0.0010263146832585335,0.011736459098756313
2026-07-25 15:41:01,30.7min,8bd8cfeefd4f495d990299b745ca528f,ctr_iter15k_bs32_m0.8_lam0.3,LOCAL,train.py,andre,FINISHED,32,0.3,0.8,100,4000,2000,15000,ctr_iter15k_bs32_m0.8_lam0.3,data_lmdb/rodosol/train/cars,True,data_lmdb/rodosol/val/cars,98.45,98.55000000000001,0.9973660714285717,0.027403555810451508,0.9972232142857147,0.008290819823741913,0.013736394234001637
2026-07-25 13:02:36,10.1min,864586144e624fe083225fe01ec9f65f,ctr_iter5k_bs32_m0.5_lam0.6,LOCAL,train.py,andre,FINISHED,32,0.6,0.5,100,4000,2000,5000,ctr_iter5k_bs32_m0.5_lam0.6,data_lmdb/rodosol/train/cars,True,data_lmdb/rodosol/val/cars,98.45,98.45,0.9973035714285717,0.014270828105509281,0.9973035714285717,0.008958832360804081,0.01340569369494915
2026-07-25 13:44:20,13.9min,34e42d34351648f6b20069dd7baa8ff6,ctr_iter5k_bs64_m0.5_lam0.6,LOCAL,train.py,andre,FINISHED,64,0.6,0.5,100,4000,2000,5000,ctr_iter5k_bs64_m0.5_lam0.6,data_lmdb/rodosol/train/cars,True,data_lmdb/rodosol/val/cars,98.4,98.4,0.996883928571429,0.015348220244050026,0.9968660714285716,0.009502263739705086,0.014933081343770027
2026-07-26 08:47:11,1.4h,db443b0683b4479099953b7907e1bad9,ctr_iter30k_bs64_m1.0_lam0.6,LOCAL,train.py,andre,FINISHED,64,0.6,1.0,100,4000,2000,30000,ctr_iter30k_bs64_m1.0_lam0.6,data_lmdb/rodosol/train/cars,True,data_lmdb/rodosol/val/cars,98.35000000000001,98.45,0.9969464285714289,0.3202436864376068,0.9968035714285719,0.19218863546848297,0.022729763761162758
2026-07-25 20:07:30,1.2h,92baf30183cf4bfda3026843ef0f2160,ctr_iter15k_bs128_m0.5_lam0.3,LOCAL,train.py,andre,FINISHED,128,0.3,0.5,100,4000,2000,15000,ctr_iter15k_bs128_m0.5_lam0.3,data_lmdb/rodosol/train/cars,True,data_lmdb/rodosol/val/cars,98.35000000000001,98.35000000000001,0.9970089285714289,0.005200463812798262,0.9970089285714289,0.0016401831526309252,0.014925546012818813
2026-07-25 17:14:14,42.7min,c77b50ca3ec54fb8b532f3cc491709ca,ctr_iter15k_bs64_m0.5_lam0.3,LOCAL,train.py,andre,FINISHED,64,0.3,0.5,100,4000,2000,15000,ctr_iter15k_bs64_m0.5_lam0.3,data_lmdb/rodosol/train/cars,True,data_lmdb/rodosol/val/cars,98.35000000000001,98.45,0.9972232142857146,0.004654765594750643,0.9970803571428575,0.001480581471696496,0.01750185526907444
2026-07-25 15:10:58,29.8min,394123f0307a4186b817548f213396c9,ctr_iter15k_bs32_m0.5_lam0.3,LOCAL,train.py,andre,FINISHED,32,0.3,0.5,100,4000,2000,15000,ctr_iter15k_bs32_m0.5_lam0.3,data_lmdb/rodosol/train/cars,True,data_lmdb/rodosol/val/cars,98.35000000000001,98.55000000000001,0.9974464285714288,0.003820605343207717,0.9973660714285718,0.0012333329068496823,0.01427899207919836
2026-07-25 11:41:40,10.3min,80f25390d322455f8973effca75f6e00,ctr_iter5k_bs32_m0.5_lam0.3,LOCAL,train.py,andre,FINISHED,32,0.3,0.5,100,4000,2000,5000,ctr_iter5k_bs32_m0.5_lam0.3,data_lmdb/rodosol/train/cars,True,data_lmdb/rodosol/val/cars,98.35000000000001,98.35000000000001,0.9970178571428575,0.01739039644598961,0.9970089285714289,0.005490995943546295,0.012459698133170605
2026-07-26 08:14:09,1.4h,1e6cc03ff474438a8fab46a03b15d3ea,ctr_iter30k_bs64_m1.0_lam0.3,LOCAL,train.py,andre,FINISHED,64,0.3,1.0,100,4000,2000,30000,ctr_iter30k_bs64_m1.0_lam0.3,data_lmdb/rodosol/train/cars,True,data_lmdb/rodosol/val/cars,98.3,98.4,0.9970178571428574,0.1290486752986908,0.9968035714285717,0.03875308111310005,0.018291326239705086
2026-07-26 06:47:58,1.4h,f5b19fc3170346149924f89fd6713518,ctr_iter30k_bs64_m0.8_lam0.3,LOCAL,train.py,andre,FINISHED,64,0.3,0.8,100,4000,2000,30000,ctr_iter30k_bs64_m0.8_lam0.3,data_lmdb/rodosol/train/cars,True,data_lmdb/rodosol/val/cars,98.3,98.45,0.997232142857143,0.017731884494423866,0.9970089285714289,0.005391936283558607,0.014148818328976631
2026-07-26 05:23:34,1.4h,b441f9037420448684073c1b339e029e,ctr_iter30k_bs64_m0.5_lam0.3,LOCAL,train.py,andre,FINISHED,64,0.3,0.5,100,4000,2000,30000,ctr_iter30k_bs64_m0.5_lam0.3,data_lmdb/rodosol/train/cars,True,data_lmdb/rodosol/val/cars,98.3,98.55000000000001,0.9973035714285717,0.0022301473654806614,0.9967946428571434,0.0007107824785634875,0.016006845980882645
2026-07-25 19:04:06,42.1min,c007064613d44b5b8c98d38c28c14364,ctr_iter15k_bs64_m0.8_lam0.6,LOCAL,train.py,andre,FINISHED,64,0.6,0.8,100,4000,2000,15000,ctr_iter15k_bs64_m0.8_lam0.6,data_lmdb/rodosol/train/cars,True,data_lmdb/rodosol/val/cars,98.25,98.3,0.9970178571428574,0.021344048902392387,0.9968035714285719,0.012889223173260689,0.016068322584033012
2026-07-25 15:12:24,31.1min,282d729cacee43bf91a7061c4aa2b986,ctr_iter15k_bs32_m0.8_lam0.1,LOCAL,train.py,andre,FINISHED,32,0.1,0.8,100,4000,2000,15000,ctr_iter15k_bs32_m0.8_lam0.1,data_lmdb/rodosol/train/cars,True,data_lmdb/rodosol/val/cars,98.25,98.35000000000001,0.9972410714285718,0.05382367596030235,0.997008928571429,0.005441587883979082,0.013743852265179157
2026-07-25 13:12:56,10.4min,0a19761428144bd8a738564af51618b0,ctr_iter5k_bs32_m0.8_lam0.6,LOCAL,train.py,andre,FINISHED,32,0.6,0.8,100,4000,2000,5000,ctr_iter5k_bs32_m0.8_lam0.6,data_lmdb/rodosol/train/cars,True,data_lmdb/rodosol/val/cars,98.25,98.55000000000001,0.9971607142857145,0.04812963679432869,0.9967232142857145,0.02910006232559681,0.01458672620356083
2026-07-26 06:50:48,1.5h,1b17ea31c96b44a58dc9343b4252ffcc,ctr_iter30k_bs64_m0.8_lam0.1,LOCAL,train.py,andre,FINISHED,64,0.1,0.8,100,4000,2000,30000,ctr_iter30k_bs64_m0.8_lam0.1,data_lmdb/rodosol/train/cars,True,data_lmdb/rodosol/val/cars,98.2,98.35000000000001,0.9970267857142862,0.026486489921808243,0.9968750000000004,0.0026783838402479887,0.016138849779963493
2026-07-26 05:22:52,1.5h,419228d21c754f96a377fc9996957d9c,ctr_iter30k_bs64_m0.5_lam0.1,LOCAL,train.py,andre,FINISHED,64,0.1,0.5,100,4000,2000,30000,ctr_iter30k_bs64_m0.5_lam0.1,data_lmdb/rodosol/train/cars,True,data_lmdb/rodosol/val/cars,98.2,98.35000000000001,0.9972321428571431,0.003470201976597309,0.9968660714285719,0.00047923403326421976,0.015540714375674725
2026-07-26 03:21:00,1.0h,a9d8e8c6375448f7bd473344c9906fb8,ctr_iter30k_bs32_m1.0_lam0.3,LOCAL,train.py,andre,FINISHED,32,0.3,1.0,100,4000,2000,30000,ctr_iter30k_bs32_m1.0_lam0.3,data_lmdb/rodosol/train/cars,True,data_lmdb/rodosol/val/cars,98.2,98.45,0.997089285714286,0.27732500433921814,0.9967946428571433,0.08324028551578522,0.018352752551436424
2026-07-25 22:20:31,1.2h,3b85c66f23b240df802b598b69e61de0,ctr_iter15k_bs128_m0.8_lam0.6,LOCAL,train.py,andre,FINISHED,128,0.6,0.8,100,4000,2000,15000,ctr_iter15k_bs128_m0.8_lam0.6,data_lmdb/rodosol/train/cars,True,data_lmdb/rodosol/val/cars,98.2,98.35000000000001,0.9968660714285716,0.02080964297056198,0.9965089285714289,0.012568705715239048,0.018281618133187294
2026-07-25 21:10:31,1.2h,3ebf11ef64a940a49a4d099bc673e2b6,ctr_iter15k_bs128_m0.5_lam0.6,LOCAL,train.py,andre,FINISHED,128,0.6,0.5,100,4000,2000,15000,ctr_iter15k_bs128_m0.5_lam0.6,data_lmdb/rodosol/train/cars,True,data_lmdb/rodosol/val/cars,98.2,98.5,0.9972946428571432,0.0048394110053777695,0.996589285714286,0.0030119214206933975,0.016294024884700775
2026-07-26 03:18:30,1.0h,f2afef2c6f6143de8c09534282e7d227,ctr_iter30k_bs32_m1.0_lam0.1,LOCAL,train.py,andre,FINISHED,32,0.1,1.0,100,4000,2000,30000,ctr_iter30k_bs32_m1.0_lam0.1,data_lmdb/rodosol/train/cars,True,data_lmdb/rodosol/val/cars,98.15,98.15,0.9967321428571432,0.1254766583442688,0.9967321428571432,0.012601129710674286,0.019985496997833252
2026-07-25 16:47:18,44.5min,9748c7d650554f1899f6b21ffffd7026,ctr_iter15k_bs64_m0.5_lam0.1,LOCAL,train.py,andre,FINISHED,64,0.1,0.5,100,4000,2000,15000,ctr_iter15k_bs64_m0.5_lam0.1,data_lmdb/rodosol/train/cars,True,data_lmdb/rodosol/val/cars,98.1,98.15,0.9965982142857147,0.007652191445231438,0.9961517857142861,0.0008272662525996566,0.018531890586018562
2026-07-25 12:24:12,14.6min,8ee1db20f171479ea7d7a6bb77d7439c,ctr_iter5k_bs64_m0.5_lam0.3,LOCAL,train.py,andre,FINISHED,64,0.3,0.5,100,4000,2000,5000,ctr_iter5k_bs64_m0.5_lam0.3,data_lmdb/rodosol/train/cars,True,data_lmdb/rodosol/val/cars,98.1,98.1,0.9965803571428573,0.01879233866930008,0.9965803571428573,0.005850416608154774,0.018124369904398918
2026-07-26 05:02:24,59.3min,43d3e1bb731a4efb9d6b99d365412813,ctr_iter30k_bs32_m1.2_lam0.6,LOCAL,train.py,andre,FINISHED,32,0.6,1.2,100,4000,2000,30000,ctr_iter30k_bs32_m1.2_lam0.6,data_lmdb/rodosol/train/cars,True,data_lmdb/rodosol/val/cars,98.05,98.05,0.9965267857142862,0.12289000302553177,0.9965267857142862,0.07377799600362778,0.01904638670384884
2026-07-25 17:57:08,42.8min,b983ac1605284ed69e24f8208578a580,ctr_iter15k_bs64_m0.8_lam0.3,LOCAL,train.py,andre,FINISHED,64,0.3,0.8,100,4000,2000,15000,ctr_iter15k_bs64_m0.8_lam0.3,data_lmdb/rodosol/train/cars,True,data_lmdb/rodosol/val/cars,98.05,98.05,0.9964553571428575,0.02481532283127308,0.996446428571429,0.007509543094784021,0.019311757758259773
2026-07-25 17:52:07,30.3min,78ef2e27d19e46c38f66671a92053873,ctr_iter15k_bs32_m1.2_lam0.6,LOCAL,train.py,andre,FINISHED,32,0.6,1.2,100,4000,2000,15000,ctr_iter15k_bs32_m1.2_lam0.6,data_lmdb/rodosol/train/cars,True,data_lmdb/rodosol/val/cars,98.05,98.05,0.9965089285714291,0.13377636671066284,0.9965089285714291,0.08037896454334259,0.016247635707259178
2026-07-25 17:21:41,30.2min,ed0894c076de48eba659c44bae3cfabd,ctr_iter15k_bs32_m1.0_lam0.6,LOCAL,train.py,andre,FINISHED,32,0.6,1.0,100,4000,2000,15000,ctr_iter15k_bs32_m1.0_lam0.6,data_lmdb/rodosol/train/cars,True,data_lmdb/rodosol/val/cars,98.05,98.1,0.9970178571428575,0.17493759095668793,0.9967321428571432,0.10506463050842285,0.01684473268687725
2026-07-25 16:11:51,31.0min,cb4db2b02b554569b126ec5d2abcaf6a,ctr_iter15k_bs32_m1.0_lam0.3,LOCAL,train.py,andre,FINISHED,32,0.3,1.0,100,4000,2000,15000,ctr_iter15k_bs32_m1.0_lam0.3,data_lmdb/rodosol/train/cars,True,data_lmdb/rodosol/val/cars,98.05,98.05,0.9967410714285719,0.21669882535934448,0.9967410714285719,0.06509792804718018,0.018669333308935165
2026-07-25 11:52:13,10.4min,bc550d07f6244a47b3011f5925a3a2ad,ctr_iter5k_bs32_m0.8_lam0.3,LOCAL,train.py,andre,FINISHED,32,0.3,0.8,100,4000,2000,5000,ctr_iter5k_bs32_m0.8_lam0.3,data_lmdb/rodosol/train/cars,True,data_lmdb/rodosol/val/cars,98.05,98.05,0.9963839285714289,0.057547710835933685,0.9963839285714289,0.017479823902249336,0.015997322276234627
2026-07-25 21:21:37,1.2h,868e6508cf3448c5afa56ad5d87c7078,ctr_iter15k_bs128_m0.8_lam0.3,LOCAL,train.py,andre,FINISHED,128,0.3,0.8,100,4000,2000,15000,ctr_iter15k_bs128_m0.8_lam0.3,data_lmdb/rodosol/train/cars,True,data_lmdb/rodosol/val/cars,98,98.25,0.9967232142857145,0.024350710213184357,0.9963660714285719,0.007369870785623789,0.017987653613090515
2026-07-25 19:46:25,41.8min,98987ef3459842abb64d6584164d3915,ctr_iter15k_bs64_m1.0_lam0.6,LOCAL,train.py,andre,FINISHED,64,0.6,1.0,100,4000,2000,15000,ctr_iter15k_bs64_m1.0_lam0.6,data_lmdb/rodosol/train/cars,True,data_lmdb/rodosol/val/cars,98,98,0.9963660714285718,0.1737586408853531,0.9963660714285718,0.10436063259840012,0.018211662769317627
2026-07-25 14:41:52,23.5min,eb98015efb45423ebde275829e52fded,ctr_iter5k_bs128_m0.5_lam0.6,LOCAL,train.py,andre,FINISHED,128,0.6,0.5,100,4000,2000,5000,ctr_iter5k_bs128_m0.5_lam0.6,data_lmdb/rodosol/train/cars,True,data_lmdb/rodosol/val/cars,98,98.1,0.9966517857142861,0.016338834539055824,0.996151785714286,0.010092008858919144,0.01548168808221817
2026-07-26 04:22:32,1.0h,def7e4dd1fd34f51befa796615048f45,ctr_iter30k_bs32_m1.2_lam0.3,LOCAL,train.py,andre,FINISHED,32,0.3,1.2,100,4000,2000,30000,ctr_iter30k_bs32_m1.2_lam0.3,data_lmdb/rodosol/train/cars,True,data_lmdb/rodosol/val/cars,97.95,98.15,0.9968660714285715,0.1317080408334732,0.9962946428571433,0.03956317529082298,0.015855984762310982
2026-07-25 19:48:12,1.3h,3a303629f5634e39a718a0ac2799108f,ctr_iter15k_bs128_m0.5_lam0.1,LOCAL,train.py,andre,FINISHED,128,0.1,0.5,100,4000,2000,15000,ctr_iter15k_bs128_m0.5_lam0.1,data_lmdb/rodosol/train/cars,True,data_lmdb/rodosol/val/cars,97.89999999999999,97.89999999999999,0.9962321428571431,0.009450798854231834,0.9961696428571433,0.0010043811053037643,0.0183893833309412
2026-07-25 23:31:21,1.2h,664427feecbc4b529bdad36b9e65b3ae,ctr_iter15k_bs128_m1.0_lam0.6,LOCAL,train.py,andre,FINISHED,128,0.6,1.0,100,4000,2000,15000,ctr_iter15k_bs128_m1.0_lam0.6,data_lmdb/rodosol/train/cars,True,data_lmdb/rodosol/val/cars,97.85000000000001,98.1,0.9964464285714288,0.10724254697561264,0.9961607142857146,0.06443342566490173,0.01986449584364891
2026-07-25 15:05:34,24.0min,b06cfa0015ac44268d04856404c7bdd2,ctr_iter5k_bs128_m0.8_lam0.6,LOCAL,train.py,andre,FINISHED,128,0.6,0.8,100,4000,2000,5000,ctr_iter5k_bs128_m0.8_lam0.6,data_lmdb/rodosol/train/cars,True,data_lmdb/rodosol/val/cars,97.85000000000001,97.85000000000001,0.9961607142857146,0.03750532120466232,0.9961607142857146,0.02268446609377861,0.018303226679563522
2026-07-25 13:58:27,14.3min,924c106459394f27a275e809f47316ae,ctr_iter5k_bs64_m0.8_lam0.6,LOCAL,train.py,andre,FINISHED,64,0.6,0.8,100,4000,2000,5000,ctr_iter5k_bs64_m0.8_lam0.6,data_lmdb/rodosol/train/cars,True,data_lmdb/rodosol/val/cars,97.85000000000001,97.89999999999999,0.9963035714285716,0.03981639817357063,0.9963035714285716,0.024119317531585693,0.016479365527629852
2026-07-25 13:23:31,25.2min,fede3a8fe9024d0786f04964ec3b983a,ctr_iter5k_bs128_m0.5_lam0.3,LOCAL,train.py,andre,FINISHED,128,0.3,0.5,100,4000,2000,5000,ctr_iter5k_bs128_m0.5_lam0.3,data_lmdb/rodosol/train/cars,True,data_lmdb/rodosol/val/cars,97.85000000000001,97.85000000000001,0.9963660714285718,0.018682299181818962,0.9963660714285718,0.005802665371447802,0.01730390079319477
2026-07-25 12:39:00,14.5min,b85978d32b544e78aa9cdad719318560,ctr_iter5k_bs64_m0.8_lam0.3,LOCAL,train.py,andre,FINISHED,64,0.3,0.8,100,4000,2000,5000,ctr_iter5k_bs64_m0.8_lam0.3,data_lmdb/rodosol/train/cars,True,data_lmdb/rodosol/val/cars,97.85000000000001,97.85000000000001,0.9958214285714289,0.05690643563866615,0.9958214285714289,0.01726146601140499,0.018528027459979057
2026-07-26 08:20:03,1.5h,1474f349d1d3419fa2e83c841ee12a7b,ctr_iter30k_bs64_m1.0_lam0.1,LOCAL,train.py,andre,FINISHED,64,0.1,1.0,100,4000,2000,30000,ctr_iter30k_bs64_m1.0_lam0.1,data_lmdb/rodosol/train/cars,True,data_lmdb/rodosol/val/cars,97.8,97.8,0.995946428571429,0.14926020801067352,0.995946428571429,0.014972073026001453,0.02248496003448963
2026-07-25 17:32:00,44.5min,8627aa9d936f410fb65689f2b15956eb,ctr_iter15k_bs64_m0.8_lam0.1,LOCAL,train.py,andre,FINISHED,64,0.1,0.8,100,4000,2000,15000,ctr_iter15k_bs64_m0.8_lam0.1,data_lmdb/rodosol/train/cars,True,data_lmdb/rodosol/val/cars,97.8,97.95,0.9961785714285718,0.05416594818234444,0.995821428571429,0.005472605116665363,0.01965867355465889
2026-07-25 16:43:03,31.0min,5d184dc4dec140468d0f199e047b7dc8,ctr_iter15k_bs32_m1.2_lam0.3,LOCAL,train.py,andre,FINISHED,32,0.3,1.2,100,4000,2000,15000,ctr_iter15k_bs32_m1.2_lam0.3,data_lmdb/rodosol/train/cars,True,data_lmdb/rodosol/val/cars,97.8,97.8,0.9959553571428577,0.153593048453331,0.9959553571428577,0.04619104042649269,0.01829858310520649
2026-07-25 11:02:57,10.8min,5d267abcc9604e89927b40ce2f7431e4,ctr_iter5k_bs32_m0.5_lam0.1,LOCAL,train.py,andre,FINISHED,32,0.1,0.5,100,4000,2000,5000,ctr_iter5k_bs32_m0.5_lam0.1,data_lmdb/rodosol/train/cars,True,data_lmdb/rodosol/val/cars,97.8,97.8,0.9960178571428574,0.03218557685613632,0.9960178571428574,0.0034034329000860453,0.016275551170110703
2026-07-25 18:40:08,43.2min,0d98166fb88740e5b49bda8e2eb10b4c,ctr_iter15k_bs64_m1.0_lam0.3,LOCAL,train.py,andre,FINISHED,64,0.3,1.0,100,4000,2000,15000,ctr_iter15k_bs64_m1.0_lam0.3,data_lmdb/rodosol/train/cars,True,data_lmdb/rodosol/val/cars,97.65,97.75,0.9957410714285719,0.21814070641994476,0.9955982142857148,0.06554341316223145,0.02161739580333233
2026-07-25 11:46:19,15.8min,cd5d9f10e13d4aed8e35037d237add21,ctr_iter5k_bs64_m0.5_lam0.1,LOCAL,train.py,andre,FINISHED,64,0.1,0.5,100,4000,2000,5000,ctr_iter5k_bs64_m0.5_lam0.1,data_lmdb/rodosol/train/cars,True,data_lmdb/rodosol/val/cars,97.65,97.65,0.9958660714285718,0.03137768432497978,0.9958660714285718,0.0033677606843411922,0.01859291084110737
2026-07-25 13:23:29,10.2min,e0db26e408fb432891070ca76b30a539,ctr_iter5k_bs32_m1.0_lam0.6,LOCAL,train.py,andre,FINISHED,32,0.6,1.0,100,4000,2000,5000,ctr_iter5k_bs32_m1.0_lam0.6,data_lmdb/rodosol/train/cars,True,data_lmdb/rodosol/val/cars,97.6,97.6,0.9957410714285719,0.15557952225208282,0.9957410714285719,0.09371296316385269,0.021186361089348793
2026-07-25 12:49:03,26.5min,73abeaaee93d48f39f81366bfdabeed2,ctr_iter5k_bs128_m0.5_lam0.1,LOCAL,train.py,andre,FINISHED,128,0.1,0.5,100,4000,2000,5000,ctr_iter5k_bs128_m0.5_lam0.1,data_lmdb/rodosol/train/cars,True,data_lmdb/rodosol/val/cars,97.6,97.6,0.9956517857142861,0.03047303669154644,0.9956517857142861,0.0031996548641473055,0.021215515211224556
2026-07-26 04:20:46,1.0h,9dd34e655fdd46249b2c59baf09f6ef0,ctr_iter30k_bs32_m1.2_lam0.1,LOCAL,train.py,andre,FINISHED,32,0.1,1.2,100,4000,2000,30000,ctr_iter30k_bs32_m1.2_lam0.1,data_lmdb/rodosol/train/cars,True,data_lmdb/rodosol/val/cars,97.55,97.65,0.995839285714286,0.18996350467205048,0.9955446428571434,0.01904623955488205,0.022941086441278458
2026-07-25 13:33:52,10.3min,b87b24b2cbe843dc8c3f237d2a20936d,ctr_iter5k_bs32_m1.2_lam0.6,LOCAL,train.py,andre,FINISHED,32,0.6,1.2,100,4000,2000,5000,ctr_iter5k_bs32_m1.2_lam0.6,data_lmdb/rodosol/train/cars,True,data_lmdb/rodosol/val/cars,97.55,97.55,0.9953928571428576,0.19629918038845062,0.9953928571428576,0.11820593476295471,0.02128758653998375
2026-07-25 21:04:40,1.3h,536bf6305c2746e8a2ade257cb2ab59d,ctr_iter15k_bs128_m0.8_lam0.1,LOCAL,train.py,andre,FINISHED,128,0.1,0.8,100,4000,2000,15000,ctr_iter15k_bs128_m0.8_lam0.1,data_lmdb/rodosol/train/cars,True,data_lmdb/rodosol/val/cars,97.5,97.85000000000001,0.9960803571428575,0.05507500097155571,0.9955982142857147,0.005564328748732805,0.019732678309082985
2026-07-25 13:48:55,25.3min,567b111ba3014f7e8a5eae0fe8e84e74,ctr_iter5k_bs128_m0.8_lam0.3,LOCAL,train.py,andre,FINISHED,128,0.3,0.8,100,4000,2000,5000,ctr_iter5k_bs128_m0.8_lam0.3,data_lmdb/rodosol/train/cars,True,data_lmdb/rodosol/val/cars,97.5,97.6,0.9957946428571434,0.05686182528734207,0.9957232142857146,0.017239397391676903,0.019151031970977783
2026-07-25 12:02:47,10.3min,b1e8756d9de34f25994ea3850ffaa302,ctr_iter5k_bs32_m1.0_lam0.3,LOCAL,train.py,andre,FINISHED,32,0.3,1.0,100,4000,2000,5000,ctr_iter5k_bs32_m1.0_lam0.3,data_lmdb/rodosol/train/cars,True,data_lmdb/rodosol/val/cars,97.5,97.5,0.9957321428571434,0.13517649471759796,0.9957321428571434,0.04092501476407051,0.02017286792397499
2026-07-25 15:43:43,31.7min,cf9519af458b4a3da2d3c7d52c855142,ctr_iter15k_bs32_m1.0_lam0.1,LOCAL,train.py,andre,FINISHED,32,0.1,1.0,100,4000,2000,15000,ctr_iter15k_bs32_m1.0_lam0.1,data_lmdb/rodosol/train/cars,True,data_lmdb/rodosol/val/cars,97.45,97.45,0.9959642857142864,0.12562130391597748,0.9959642857142864,0.012659497559070587,0.01948467642068863
2026-07-25 11:14:00,10.5min,5d476f706ab74c1182dd44584681e4a8,ctr_iter5k_bs32_m0.8_lam0.1,LOCAL,train.py,andre,FINISHED,32,0.1,0.8,100,4000,2000,5000,ctr_iter5k_bs32_m0.8_lam0.1,data_lmdb/rodosol/train/cars,True,data_lmdb/rodosol/val/cars,97.45,97.45,0.9952321428571433,0.12281692773103714,0.9952321428571433,0.012528889812529087,0.018591485917568207
2026-07-25 22:36:22,1.3h,ba09469a94044adbbb90c916c1743a1c,ctr_iter15k_bs128_m1.0_lam0.3,LOCAL,train.py,andre,FINISHED,128,0.3,1.0,100,4000,2000,15000,ctr_iter15k_bs128_m1.0_lam0.3,data_lmdb/rodosol/train/cars,True,data_lmdb/rodosol/val/cars,97.39999999999999,97.8,0.9960178571428575,0.16354799270629883,0.995303571428572,0.049161821603775024,0.020377926528453827
2026-07-25 22:23:00,1.4h,20c7bd088b224e518e27b497649642a0,ctr_iter15k_bs128_m1.0_lam0.1,LOCAL,train.py,andre,FINISHED,128,0.1,1.0,100,4000,2000,15000,ctr_iter15k_bs128_m1.0_lam0.1,data_lmdb/rodosol/train/cars,True,data_lmdb/rodosol/val/cars,97.39999999999999,97.39999999999999,0.9954553571428577,0.12473007291555405,0.9954553571428577,0.01257285661995411,0.024658778682351112
2026-07-25 19:23:34,43.7min,9623e986862f460ebb4225a6419113e9,ctr_iter15k_bs64_m1.2_lam0.3,LOCAL,train.py,andre,FINISHED,64,0.3,1.2,100,4000,2000,15000,ctr_iter15k_bs64_m1.2_lam0.3,data_lmdb/rodosol/train/cars,True,data_lmdb/rodosol/val/cars,97.39999999999999,97.45,0.9954017857142864,0.16303563117980957,0.9953303571428577,0.04901540279388428,0.025015052407979965
2026-07-25 15:29:44,24.8min,fa77b0daf9f247918634d75ce159f57c,ctr_iter5k_bs128_m1.0_lam0.6,LOCAL,train.py,andre,FINISHED,128,0.6,1.0,100,4000,2000,5000,ctr_iter5k_bs128_m1.0_lam0.6,data_lmdb/rodosol/train/cars,True,data_lmdb/rodosol/val/cars,97.35000000000001,97.35000000000001,0.9954375000000005,0.1698877066373825,0.9954375000000005,0.10224049538373947,0.020876821130514145
2026-07-25 16:15:37,31.5min,21240410080241c4a4830b727bc35211,ctr_iter15k_bs32_m1.2_lam0.1,LOCAL,train.py,andre,FINISHED,32,0.1,1.2,100,4000,2000,15000,ctr_iter15k_bs32_m1.2_lam0.1,data_lmdb/rodosol/train/cars,True,data_lmdb/rodosol/val/cars,97.3,97.45,0.9956428571428577,0.22895802557468414,0.9956428571428577,0.02300209179520607,0.02136775106191635
2026-07-25 14:12:54,14.1min,1fffcef755b846ff93e99d7a74de43b3,ctr_iter5k_bs64_m1.0_lam0.6,LOCAL,train.py,andre,FINISHED,64,0.6,1.0,100,4000,2000,5000,ctr_iter5k_bs64_m1.0_lam0.6,data_lmdb/rodosol/train/cars,True,data_lmdb/rodosol/val/cars,97.3,97.3,0.9951696428571434,0.1713859885931015,0.9951696428571434,0.10315530747175217,0.021365612745285034
2026-07-25 18:16:45,45.2min,440c0f68934142f1b3d0b6482a8d8aab,ctr_iter15k_bs64_m1.0_lam0.1,LOCAL,train.py,andre,FINISHED,64,0.1,1.0,100,4000,2000,15000,ctr_iter15k_bs64_m1.0_lam0.1,data_lmdb/rodosol/train/cars,True,data_lmdb/rodosol/val/cars,97.2,97.39999999999999,0.9951785714285719,0.1252128630876541,0.9949732142857148,0.012615840882062912,0.025439850986003876
2026-07-25 12:13:15,10.8min,77ef388c287e4539ae59712b12c95386,ctr_iter5k_bs32_m1.2_lam0.3,LOCAL,train.py,andre,FINISHED,32,0.3,1.2,100,4000,2000,5000,ctr_iter5k_bs32_m1.2_lam0.3,data_lmdb/rodosol/train/cars,True,data_lmdb/rodosol/val/cars,97.2,97.2,0.9949464285714291,0.22688761353492737,0.9949464285714291,0.06847845762968063,0.020045612007379532
2026-07-25 11:35:46,10.4min,08970c3eaa3c4742beae2876d40b50c3,ctr_iter5k_bs32_m1.2_lam0.1,LOCAL,train.py,andre,FINISHED,32,0.1,1.2,100,4000,2000,5000,ctr_iter5k_bs32_m1.2_lam0.1,data_lmdb/rodosol/train/cars,True,data_lmdb/rodosol/val/cars,97.2,97.2,0.9947500000000006,0.3024117648601532,0.9947500000000006,0.030579542741179466,0.022429635748267174
2026-07-25 14:27:11,14.5min,89e69614bf0b4e5ab2bd6a44394d42b4,ctr_iter5k_bs64_m1.2_lam0.6,LOCAL,train.py,andre,FINISHED,64,0.6,1.2,100,4000,2000,5000,ctr_iter5k_bs64_m1.2_lam0.6,data_lmdb/rodosol/train/cars,True,data_lmdb/rodosol/val/cars,97.15,97.15,0.9949017857142862,0.19083459675312042,0.9949017857142862,0.11488005518913269,0.02289152890443802
2026-07-25 12:53:40,14.5min,713517efd4bf4909bd84c9d44dd68796,ctr_iter5k_bs64_m1.0_lam0.3,LOCAL,train.py,andre,FINISHED,64,0.3,1.0,100,4000,2000,5000,ctr_iter5k_bs64_m1.0_lam0.3,data_lmdb/rodosol/train/cars,True,data_lmdb/rodosol/val/cars,97.15,97.15,0.9950178571428576,0.12714320421218872,0.9950178571428576,0.0384746752679348,0.022622808814048767
2026-07-26 00:43:17,1.4h,67b0d60bf77d4250ae6c87a2d6d0502f,ctr_iter15k_bs128_m1.2_lam0.6,LOCAL,train.py,andre,FINISHED,128,0.6,1.2,100,4000,2000,15000,ctr_iter15k_bs128_m1.2_lam0.6,data_lmdb/rodosol/train/cars,True,data_lmdb/rodosol/val/cars,97.1,97.15,0.994741071428572,0.13386832177639008,0.994741071428572,0.08042781054973602,0.027784056961536407
2026-07-25 20:28:23,41.9min,61a7803d304948898d1a0ed9c9205cb8,ctr_iter15k_bs64_m1.2_lam0.6,LOCAL,train.py,andre,FINISHED,64,0.6,1.2,100,4000,2000,15000,ctr_iter15k_bs64_m1.2_lam0.6,data_lmdb/rodosol/train/cars,True,data_lmdb/rodosol/val/cars,97.1,97.35000000000001,0.9950357142857149,0.1279156506061554,0.9948214285714291,0.07685735821723938,0.02572047896683216
2026-07-25 19:02:07,45.9min,f7280df36ccc416ab2a9cdb9baa32149,ctr_iter15k_bs64_m1.2_lam0.1,LOCAL,train.py,andre,FINISHED,64,0.1,1.2,100,4000,2000,15000,ctr_iter15k_bs64_m1.2_lam0.1,data_lmdb/rodosol/train/cars,True,data_lmdb/rodosol/val/cars,97.1,97.3,0.9952053571428575,0.22315247356891632,0.9946428571428577,0.022421425208449364,0.0253165103495121
2026-07-25 13:15:46,27.0min,6ddebb441dd34d119855f9a761eaee0a,ctr_iter5k_bs128_m0.8_lam0.1,LOCAL,train.py,andre,FINISHED,128,0.1,0.8,100,4000,2000,5000,ctr_iter5k_bs128_m0.8_lam0.1,data_lmdb/rodosol/train/cars,True,data_lmdb/rodosol/val/cars,97.1,97.1,0.9947946428571434,0.12108730524778366,0.9947946428571434,0.01231108047068119,0.023220011964440346
2026-07-25 12:33:33,15.3min,f75b1d89ddcc48d1a1265fde739056bb,ctr_iter5k_bs64_m1.2_lam0.1,LOCAL,train.py,andre,FINISHED,64,0.1,1.2,100,4000,2000,5000,ctr_iter5k_bs64_m1.2_lam0.1,data_lmdb/rodosol/train/cars,True,data_lmdb/rodosol/val/cars,97.05,97.05,0.9947321428571435,0.29847559332847595,0.9947321428571435,0.030158599838614464,0.022613059729337692
2026-07-25 10:04:43,58.0min,56a980fe025142c8aaf8611a0efa9c28,base_iter30k_bs32,LOCAL,train.py,andre,FINISHED,32,0.1,0.8,0,4000,2000,30000,base_iter30k_bs32,data_lmdb/rodosol/train/cars,False,data_lmdb/rodosol/val/cars,97,97.3,0.9951071428571433,,0.9945267857142864,0.000033891552448039874,0.025518251582980156
2026-07-25 14:14:25,27.2min,b45ef6cbd0ee4d9086450234d41d0e8e,ctr_iter5k_bs128_m1.0_lam0.3,LOCAL,train.py,andre,FINISHED,128,0.3,1.0,100,4000,2000,5000,ctr_iter5k_bs128_m1.0_lam0.3,data_lmdb/rodosol/train/cars,True,data_lmdb/rodosol/val/cars,96.95,96.95,0.9945178571428577,0.1203790009021759,0.9945178571428577,0.03643260523676872,0.022825658321380615
2026-07-25 09:35:10,29.4min,3f763304122c458ab3bf3e5e726e5b55,base_iter15k_bs32,LOCAL,train.py,andre,FINISHED,32,0.1,0.8,0,4000,2000,15000,base_iter15k_bs32,data_lmdb/rodosol/train/cars,False,data_lmdb/rodosol/val/cars,96.95,97.1,0.9946696428571437,,0.9943839285714292,0.00006880585715407506,0.025184592232108116
2026-07-25 23:53:33,1.4h,bf2769132725488491a5e7f0a68b4179,ctr_iter15k_bs128_m1.2_lam0.3,LOCAL,train.py,andre,FINISHED,128,0.3,1.2,100,4000,2000,15000,ctr_iter15k_bs128_m1.2_lam0.3,data_lmdb/rodosol/train/cars,True,data_lmdb/rodosol/val/cars,96.89999999999999,96.89999999999999,0.9945357142857147,0.1640527844429016,0.9944642857142864,0.04931782931089401,0.027654485777020454
2026-07-25 12:02:19,15.3min,6c83b447f73343a5bc0827a96326d4a4,ctr_iter5k_bs64_m0.8_lam0.1,LOCAL,train.py,andre,FINISHED,64,0.1,0.8,100,4000,2000,5000,ctr_iter5k_bs64_m0.8_lam0.1,data_lmdb/rodosol/train/cars,True,data_lmdb/rodosol/val/cars,96.89999999999999,96.89999999999999,0.9945089285714291,0.12171716243028641,0.9945089285714291,0.012387732975184917,0.021689508110284805
2026-07-25 11:24:43,10.8min,91e7b0c057274c01b1084acd95794649,ctr_iter5k_bs32_m1.0_lam0.1,LOCAL,train.py,andre,FINISHED,32,0.1,1.0,100,4000,2000,5000,ctr_iter5k_bs32_m1.0_lam0.1,data_lmdb/rodosol/train/cars,True,data_lmdb/rodosol/val/cars,96.89999999999999,97.25,0.9946517857142863,0.19856885075569153,0.994223214285715,0.02016490325331688,0.024120206013321877
2026-07-25 23:45:28,1.5h,e8de301c427e4354a6de5dfa1f956a5e,ctr_iter15k_bs128_m1.2_lam0.1,LOCAL,train.py,andre,FINISHED,128,0.1,1.2,100,4000,2000,15000,ctr_iter15k_bs128_m1.2_lam0.1,data_lmdb/rodosol/train/cars,True,data_lmdb/rodosol/val/cars,96.75,96.8,0.9943571428571436,0.22365781664848328,0.9943571428571436,0.022472621873021126,0.03081437200307846
2026-07-25 12:17:50,15.5min,58b53ebd5aba47b8aa0971e0812cc728,ctr_iter5k_bs64_m1.0_lam0.1,LOCAL,train.py,andre,FINISHED,64,0.1,1.0,100,4000,2000,5000,ctr_iter5k_bs64_m1.0_lam0.1,data_lmdb/rodosol/train/cars,True,data_lmdb/rodosol/val/cars,96.7,96.7,0.9940267857142864,0.19658929109573364,0.9940267857142864,0.01992325857281685,0.02737707458436489
2026-07-25 09:25:03,9.9min,45fded0f48b14ffc9f1e818271bca489,base_iter5k_bs32,LOCAL,train.py,andre,FINISHED,32,0.1,0.8,0,4000,2000,5000,base_iter5k_bs32,data_lmdb/rodosol/train/cars,False,data_lmdb/rodosol/val/cars,96.7,96.7,0.9936696428571434,,0.9936696428571434,0.000296299927867949,0.02588099054992199
2026-07-25 13:08:20,15.0min,c11a0b8491034e728cc58f0eeaa5bb75,ctr_iter5k_bs64_m1.2_lam0.3,LOCAL,train.py,andre,FINISHED,64,0.3,1.2,100,4000,2000,5000,ctr_iter5k_bs64_m1.2_lam0.3,data_lmdb/rodosol/train/cars,True,data_lmdb/rodosol/val/cars,96.65,96.89999999999999,0.994303571428572,0.22320745885372162,0.9937500000000005,0.06733457744121552,0.025899972766637802
2026-07-25 14:11:30,29.5min,31afb260f9de4725918ab93036698520,ctr_iter5k_bs128_m1.2_lam0.1,LOCAL,train.py,andre,FINISHED,128,0.1,1.2,100,4000,2000,5000,ctr_iter5k_bs128_m1.2_lam0.1,data_lmdb/rodosol/train/cars,True,data_lmdb/rodosol/val/cars,96.45,96.45,0.9935178571428577,0.2969561815261841,0.9934732142857148,0.029990701004862785,0.0304269902408123
2026-07-25 15:54:42,27.0min,1fe96db7a46c48fa91fc153bc2df402a,ctr_iter5k_bs128_m1.2_lam0.6,LOCAL,train.py,andre,FINISHED,128,0.6,1.2,100,4000,2000,5000,ctr_iter5k_bs128_m1.2_lam0.6,data_lmdb/rodosol/train/cars,True,data_lmdb/rodosol/val/cars,96.39999999999999,96.65,0.9938750000000006,0.18753761053085327,0.9935625000000006,0.11289528012275696,0.029261693358421326
2026-07-25 10:19:52,1.4h,0c72bf41c39842a080cb2448bd47a834,base_iter30k_bs64,LOCAL,train.py,andre,FINISHED,64,0.1,0.8,0,4000,2000,30000,base_iter30k_bs64,data_lmdb/rodosol/train/cars,False,data_lmdb/rodosol/val/cars,96.3,96.39999999999999,0.9932500000000006,,0.9932500000000006,0.000032968724553938955,0.03350535407662392
2026-07-25 14:41:52,28.9min,c38da0ef9ff547e4a6427f9bce5c5890,ctr_iter5k_bs128_m1.2_lam0.3,LOCAL,train.py,andre,FINISHED,128,0.3,1.2,100,4000,2000,5000,ctr_iter5k_bs128_m1.2_lam0.3,data_lmdb/rodosol/train/cars,True,data_lmdb/rodosol/val/cars,96.15,96.6,0.9936875000000004,0.22123675048351288,0.9935446428571434,0.06673599034547806,0.034530483186244965
2026-07-25 09:25:03,13.9min,ed55d7f84c444da0a5bce3cbfac8e846,base_iter5k_bs64,LOCAL,train.py,andre,FINISHED,64,0.1,0.8,0,4000,2000,5000,base_iter5k_bs64,data_lmdb/rodosol/train/cars,False,data_lmdb/rodosol/val/cars,95.95,95.95,0.992491071428572,,0.992491071428572,0.00023409845016431063,0.03451646864414215
2026-07-25 09:39:06,40.6min,6d15f820b8a2460e8b0030d51be8318e,base_iter15k_bs64,LOCAL,train.py,andre,FINISHED,64,0.1,0.8,0,4000,2000,15000,base_iter15k_bs64,data_lmdb/rodosol/train/cars,False,data_lmdb/rodosol/val/cars,95.89999999999999,96.15,0.9928571428571433,,0.9926517857142864,0.00006777159433113411,0.033401500433683395
2026-07-25 10:52:14,2.2h,a7ee0399c4424466a1f0e8422d83d8f1,base_iter30k_bs128,LOCAL,train.py,andre,FINISHED,128,0.1,0.8,0,4000,2000,30000,base_iter30k_bs128,data_lmdb/rodosol/train/cars,False,data_lmdb/rodosol/val/cars,95.85000000000001,95.95,0.9924017857142864,,0.9923928571428577,0.000033942102163564414,0.038810089230537415
2026-07-25 13:42:59,28.3min,92bd111a5cd24732aae13fcfdd615131,ctr_iter5k_bs128_m1.0_lam0.1,LOCAL,train.py,andre,FINISHED,128,0.1,1.0,100,4000,2000,5000,ctr_iter5k_bs128_m1.0_lam0.1,data_lmdb/rodosol/train/cars,True,data_lmdb/rodosol/val/cars,95.75,96.25,0.9934375000000005,0.19897793233394623,0.9925803571428579,0.0201712753623724,0.030788719654083252